{"cameraMode":{"drawMode":0,"name":"Shaded","section":"Shading Mode"},"sceneLighting":true,"audioPlay":false,"sceneViewState":{"m_AlwaysRefresh":false,"showFog":true,"showSkybox":true,"showFlares":true,"showImageEffects":true,"showParticleSystems":true,"showVisualEffectGraphs":true,"m_FxEnabled":true},"in2DMode":false,"pivot":{"x":-2.2303295135498049,"y":1.1921265125274659,"z":-1.2017409801483155},"rotation":{"x":-0.046877749264240268,"y":0.6710886359214783,"z":-0.042494967579841617,"w":-0.7387463450431824},"size":14.810052871704102,"orthographic":false}