{"cameraMode":{"drawMode":0,"name":"Shaded","section":"Shading Mode"},"sceneLighting":true,"audioPlay":false,"sceneViewState":{"m_AlwaysRefresh":false,"showFog":true,"showSkybox":true,"showFlares":true,"showImageEffects":true,"showParticleSystems":true,"showVisualEffectGraphs":true,"m_FxEnabled":true},"in2DMode":false,"pivot":{"x":-24.998271942138673,"y":-3.7891416549682619,"z":-0.17435216903686524},"rotation":{"x":0.14042145013809205,"y":-0.6254518628120422,"z":0.11575283110141754,"w":0.7587449550628662},"size":16.53969383239746,"orthographic":false}