{"cameraMode":{"drawMode":0,"name":"Shaded","section":"Shading Mode"},"sceneLighting":true,"audioPlay":false,"sceneViewState":{"m_AlwaysRefresh":false,"showFog":true,"showSkybox":true,"showFlares":true,"showImageEffects":true,"showParticleSystems":true,"showVisualEffectGraphs":true,"m_FxEnabled":true},"in2DMode":false,"pivot":{"x":3.4668936729431154,"y":0.7503509521484375,"z":-21.18000030517578},"rotation":{"x":0.11688309162855149,"y":-0.652465283870697,"z":0.10282351076602936,"w":0.7416609525680542},"size":1.3831782341003419,"orthographic":false}