{"cameraMode":{"drawMode":0,"name":"Shaded","section":"Shading Mode"},"sceneLighting":true,"audioPlay":false,"sceneViewState":{"m_AlwaysRefresh":false,"showFog":true,"showSkybox":true,"showFlares":true,"showImageEffects":true,"showParticleSystems":true,"showVisualEffectGraphs":true,"m_FxEnabled":true},"in2DMode":false,"pivot":{"x":12.388199806213379,"y":-29.63314437866211,"z":-140.19058227539063},"rotation":{"x":-0.0048048910684883598,"y":0.9914998412132263,"z":-0.12439639121294022,"w":-0.03838733583688736},"size":69.5686264038086,"orthographic":false}