{"cameraMode":{"drawMode":0,"name":"Shaded","section":"Shading Mode"},"sceneLighting":true,"audioPlay":false,"sceneViewState":{"m_AlwaysRefresh":false,"showFog":true,"showSkybox":true,"showFlares":true,"showImageEffects":true,"showParticleSystems":true,"showVisualEffectGraphs":true,"m_FxEnabled":true},"in2DMode":false,"pivot":{"x":40.603302001953128,"y":-34.1530876159668,"z":-65.81851959228516},"rotation":{"x":-0.019189007580280305,"y":-0.9651854634284973,"z":0.25037476420402529,"w":-0.07403811812400818},"size":41.477081298828128,"orthographic":false}